INSERT INTO team(team_id, country, points, flag)
VALUES (1, 'Argentinien', 0, 'em-flag-ar'),
       (2, 'Australien', 0, 'em-flag-au'),
       (3, 'Belgien', 0, 'em-flag-be'),
       (4, 'Brasilien', 0, 'em-flag-br'),
       (5, 'Costa Rica', 0, 'em-flag-cr'),
       (6, 'Dänemark', 0, 'em-flag-dk'),
       (7, 'Deutschland', 0, 'em-de'),
       (8, 'Ecuador', 0, 'em-flag-ec'),
       (9, 'England', 0, 'em-flag-england'),
       (10, 'Frankreich', 0, 'em-flag-mf'),
       (11, 'Ghana', 0, 'em-flag-gh'),
       (12, 'Iran', 0, 'em-flag-ir'),
       (13, 'Japan', 0, 'em-jp'),
       (14, 'Kamerun', 0, 'em-flag-cm'),
       (15, 'Kanada', 0, 'em-flag-ca'),
       (16, 'Katar', 0, 'em-flag-qa'),
       (17, 'Korea Republik', 0, 'em-kr'),
       (18, 'Kroatien', 0, 'em-flag-hr'),
       (19, 'Marokko', 0, 'em-flag-ma'),
       (20, 'Mexiko', 0, 'em-flag-mx'),
       (21, 'Niederlande', 0, 'em-flag-nl'),
       (22, 'Polen', 0, 'em-flag-pl'),
       (23, 'Portugal', 0, 'em-flag-pt'),
       (24, 'Saudi Arabien', 0, 'em-flag-sa'),
       (25, 'Schweiz', 0, 'em-flag-ch'),
       (26, 'Senegal', 0, 'em-flag-sn'),
       (27, 'Serbien', 0, 'em-flag-rs'),
       (28, 'Spanien', 0, 'em-es'),
       (29, 'Tunesien', 0, 'em-flag-tn'),
       (30, 'Uruguay', 0, 'em-flag-uy'),
       (31, 'USA', 0, 'em-flag-um'),
       (32, 'Wales', 0, 'em-flag-wales');

INSERT INTO "group"(group_id, name)
VALUES (1, 'A'),
       (2, 'B'),
       (3, 'C'),
       (4, 'D'),
       (5, 'E'),
       (6, 'F'),
       (7, 'G'),
       (8, 'H');

INSERT INTO team_to_group(team_id, group_id)
VALUES ('16', '1'),
       ('8', '1'),
       ('26', '1'),
       ('21', '1'),
       ('9', '2'),
       ('12', '2'),
       ('31', '2'),
       ('32', '2'),
       ('1', '3'),
       ('24', '3'),
       ('20', '3'),
       ('22', '3'),
       ('10', '4'),
       ('6', '4'),
       ('29', '4'),
       ('2', '4'),
       ('28', '5'),
       ('7', '5'),
       ('13', '5'),
       ('5', '5'),
       ('3', '6'),
       ('15', '6'),
       ('19', '6'),
       ('18', '6'),
       ('4', '7'),
       ('27', '7'),
       ('25', '7'),
       ('14', '7'),
       ('23', '8'),
       ('11', '8'),
       ('30', '8'),
       ('17', '8');

INSERT INTO game(game_id, game_time, game_location, team1_id, team2_id, phase, calculated)
VALUES (1, '2022-11-20T17:00:00', 'Katar', 16, 8, 'GROUP_PHASE', false),
       (2, '2022-11-21T14:00:00', 'Katar', 9, 12, 'GROUP_PHASE', false),
       (3, '2022-11-21T17:00:00', 'Katar', 26, 21, 'GROUP_PHASE', false),
       (4, '2022-11-21T20:00:00', 'Katar', 31, 32, 'GROUP_PHASE', false),
       (5, '2022-11-22T11:00:00', 'Katar', 1, 24, 'GROUP_PHASE', false),
       (6, '2022-11-22T14:00:00', 'Katar', 6, 29, 'GROUP_PHASE', false),
       (7, '2022-11-22T17:00:00', 'Katar', 20, 22, 'GROUP_PHASE', false),
       (8, '2022-11-22T20:00:00', 'Katar', 10, 2, 'GROUP_PHASE', false),
       (9, '2022-11-23T11:00:00', 'Katar', 19, 18, 'GROUP_PHASE', false),
       (10, '2022-11-23T14:00:00', 'Katar', 7, 13, 'GROUP_PHASE', false),
       (11, '2022-11-23T17:00:00', 'Katar', 28, 5, 'GROUP_PHASE', false),
       (12, '2022-11-23T20:00:00', 'Katar', 3, 15, 'GROUP_PHASE', false),
       (13, '2022-11-24T11:00:00', 'Katar', 25, 14, 'GROUP_PHASE', false),
       (14, '2022-11-24T14:00:00', 'Katar', 30, 17, 'GROUP_PHASE', false),
       (15, '2022-11-24T17:00:00', 'Katar', 23, 11, 'GROUP_PHASE', false),
       (16, '2022-11-24T20:00:00', 'Katar', 4, 27, 'GROUP_PHASE', false),
       (17, '2022-11-25T11:00:00', 'Katar', 32, 12, 'GROUP_PHASE', false),
       (18, '2022-11-25T14:00:00', 'Katar', 16, 26, 'GROUP_PHASE', false),
       (19, '2022-11-25T17:00:00', 'Katar', 21, 8, 'GROUP_PHASE', false),
       (20, '2022-11-25T20:00:00', 'Katar', 9, 31, 'GROUP_PHASE', false),
       (21, '2022-11-26T11:00:00', 'Katar', 29, 2, 'GROUP_PHASE', false),
       (22, '2022-11-26T14:00:00', 'Katar', 22, 24, 'GROUP_PHASE', false),
       (23, '2022-11-26T17:00:00', 'Katar', 10, 6, 'GROUP_PHASE', false),
       (24, '2022-11-26T20:00:00', 'Katar', 1, 20, 'GROUP_PHASE', false),
       (25, '2022-11-27T11:00:00', 'Katar', 13, 5, 'GROUP_PHASE', false),
       (26, '2022-11-27T14:00:00', 'Katar', 3, 19, 'GROUP_PHASE', false),
       (27, '2022-11-27T17:00:00', 'Katar', 18, 15, 'GROUP_PHASE', false),
       (28, '2022-11-27T20:00:00', 'Katar', 28, 7, 'GROUP_PHASE', false),
       (29, '2022-11-28T11:00:00', 'Katar', 14, 27, 'GROUP_PHASE', false),
       (30, '2022-11-28T14:00:00', 'Katar', 17, 11, 'GROUP_PHASE', false),
       (31, '2022-11-28T17:00:00', 'Katar', 4, 25, 'GROUP_PHASE', false),
       (32, '2022-11-28T20:00:00', 'Katar', 23, 30, 'GROUP_PHASE', false),
       (33, '2022-11-29T11:00:00', 'Katar', 21, 16, 'GROUP_PHASE', false),
       (34, '2022-11-29T14:00:00', 'Katar', 8, 26, 'GROUP_PHASE', false),
       (35, '2022-11-29T17:00:00', 'Katar', 32, 9, 'GROUP_PHASE', false),
       (36, '2022-11-29T20:00:00', 'Katar', 12, 31, 'GROUP_PHASE', false),
       (37, '2022-11-30T11:00:00', 'Katar', 2, 6, 'GROUP_PHASE', false),
       (38, '2022-11-30T14:00:00', 'Katar', 29, 10, 'GROUP_PHASE', false),
       (39, '2022-11-30T17:00:00', 'Katar', 22, 1, 'GROUP_PHASE', false),
       (40, '2022-11-30T20:00:00', 'Katar', 24, 20, 'GROUP_PHASE', false),
       (41, '2022-12-01T11:00:00', 'Katar', 18, 3, 'GROUP_PHASE', false),
       (42, '2022-12-01T14:00:00', 'Katar', 15, 19, 'GROUP_PHASE', false),
       (43, '2022-12-01T17:00:00', 'Katar', 13, 28, 'GROUP_PHASE', false),
       (44, '2022-12-01T20:00:00', 'Katar', 5, 7, 'GROUP_PHASE', false),
       (45, '2022-12-02T11:00:00', 'Katar', 11, 30, 'GROUP_PHASE', false),
       (46, '2022-12-02T14:00:00', 'Katar', 17, 23, 'GROUP_PHASE', false),
       (47, '2022-12-02T17:00:00', 'Katar', 27, 25, 'GROUP_PHASE', false),
       (48, '2022-12-02T20:00:00', 'Katar', 14, 4, 'GROUP_PHASE', false);

INSERT INTO tip(user_id, tip_team1, tip_team2, game_id)
VALUES (1, 2, 2, 1),
       (1, 2, 0, 2),
       (1, 0, 4, 3),
       (1, 3, 4, 4);
